zip_code,state,population,households,median_household_income,unemployment_pct,data_year,data_type
00501,NY,1200,480,68000,4.2,2025,synthetic
02108,MA,5400,2600,112000,3.1,2025,synthetic
10001,NY,24000,12000,98000,5.2,2025,synthetic
30301,GA,18000,7500,64000,4.7,2025,synthetic
50309,IA,9500,4900,72000,3.4,2025,synthetic
52501,IA,24000,9800,51000,5.8,2025,synthetic
52554,IA,2200,920,57000,4.3,2025,synthetic
60601,IL,17000,8900,106000,4.9,2025,synthetic
73301,TX,15000,6200,79000,3.8,2025,synthetic
80202,CO,13000,7400,103000,3.6,2025,synthetic
90210,CA,21000,8100,142000,4.1,2025,synthetic
98101,WA,16000,9300,96000,4.5,2025,synthetic
